-- MySQL Script generated by MySQL Workbench
-- Tue Apr 20 18:27:37 2021
-- Model: New Model    Version: 1.0
-- MySQL Workbench Forward Engineering
SET @OLD_UNIQUE_CHECKS=@@UNIQUE_CHECKS, UNIQUE_CHECKS=0;
SET @OLD_FOREIGN_KEY_CHECKS=@@FOREIGN_KEY_CHECKS, FOREIGN_KEY_CHECKS=0;
SET @OLD_SQL_MODE=@@SQL_MODE, SQL_MODE='ONLY_FULL_GROUP_BY,STRICT_TRANS_TABLES,NO_ZERO_IN_DATE,NO_ZERO_DATE,ERROR_FOR_DIVISION_BY_ZERO,NO_ENGINE_SUBSTITUTION';
-- -----------------------------------------------------
-- Schema laravel
-- -----------------------------------------------------
-- -----------------------------------------------------
-- Schema laravel
-- -----------------------------------------------------
-- Drop database laravel;--
CREATE SCHEMA IF NOT EXISTS `laravel` DEFAULT CHARACTER SET utf8 COLLATE utf8_spanish_ci ;
USE `laravel` ;
-- -----------------------------------------------------
-- Table `laravel`.`lista_negra_usuarios`
-- -----------------------------------------------------
CREATE TABLE IF NOT EXISTS `laravel`.`lista_negra_usuarios` (
  `id_usuario_lista_negra` INT NOT NULL,
  `bloqueado` TINYINT NOT NULL,
  `eliminado` TINYINT NOT NULL,
  `Reintegro` TINYINT NOT NULL,
  PRIMARY KEY (`id_usuario_lista_negra`))
ENGINE = InnoDB;
-- -----------------------------------------------------
-- Table `laravel`.`datos_usuarios`
-- -----------------------------------------------------
CREATE TABLE IF NOT EXISTS `laravel`.`datos_usuarios` (
  `id_usuario` INT NOT NULL,
  `nombre_usuario` VARCHAR(45) NOT NULL,
  `contraseña_usuario` VARCHAR(45) NOT NULL,
  `código_usuario` INT NOT NULL,
  `correo_usuario` VARCHAR(45) NOT NULL,
  `nombre_curso_usuario` VARCHAR(45) NOT NULL,
  `id_usuario_lista_negra` INT NOT NULL,
  PRIMARY KEY (`id_usuario`),
  INDEX `id_usuario_lista_negra_idx` (`id_usuario_lista_negra` ASC),
  CONSTRAINT `id_usuario_lista_negra`
    FOREIGN KEY (`id_usuario_lista_negra`)
    REFERENCES `laravel`.`lista_negra_usuarios` (`id_usuario_lista_negra`)
    ON DELETE NO ACTION
    ON UPDATE NO ACTION)
ENGINE = InnoDB;
-- -----------------------------------------------------
-- Table `laravel`.`ciclos`
-- -----------------------------------------------------
CREATE TABLE IF NOT EXISTS `laravel`.`ciclos` (
  `cod_ciclo` INT NOT NULL AUTO_INCREMENT,
  `ciclo` INT NOT NULL,
  PRIMARY KEY (`cod_ciclo`),
  UNIQUE INDEX `id_ciclo_UNIQUE` (`cod_ciclo` ASC))
ENGINE = InnoDB;
-- -----------------------------------------------------
-- Table `laravel`.`horarios`
-- -----------------------------------------------------
CREATE TABLE IF NOT EXISTS `laravel`.`horarios` (
  `id_horario` INT NOT NULL AUTO_INCREMENT,
  `dìa` DATE NOT NULL,
  `hora` DATETIME NOT NULL,
  `cod_ciclo` INT NOT NULL,
  PRIMARY KEY (`id_horario`),
  UNIQUE INDEX `id_horario_UNIQUE` (`id_horario` ASC),
  INDEX `cod_ciclo_idx` (`cod_ciclo` ASC),
  CONSTRAINT `cod_ciclo`
    FOREIGN KEY (`cod_ciclo`)
    REFERENCES `laravel`.`ciclos` (`cod_ciclo`)
    ON DELETE NO ACTION
    ON UPDATE NO ACTION)
ENGINE = InnoDB;
-- -----------------------------------------------------
-- Table `laravel`.`idiomas`
-- -----------------------------------------------------
CREATE TABLE IF NOT EXISTS `laravel`.`idiomas` (
  `cod_idioma` INT NOT NULL,
  `idioma` VARCHAR(45) NOT NULL,
  `nivel` VARCHAR(45)NOT NULL,
  PRIMARY KEY (`cod_idioma`))
ENGINE = InnoDB;
-- -----------------------------------------------------
-- Table `laravel`.`Salas`
-- -----------------------------------------------------
CREATE TABLE IF NOT EXISTS `laravel`.`Salas` (
  `nro_sala_online` INT NOT NULL AUTO_INCREMENT,
  `capacidad` INT NOT NULL,
  PRIMARY KEY (`nro_sala_online`),
  UNIQUE INDEX `nro_sala_online_UNIQUE` (`nro_sala_online` ASC))
ENGINE = InnoDB;
-- -----------------------------------------------------
-- Table `laravel`.`nivel_idiomas`
-- -----------------------------------------------------
CREATE TABLE IF NOT EXISTS `laravel`.`nivel_idiomas` (
  `cod_nivel` INT NOT NULL,
  `nivel` INT NOT NULL,
  `fecha` DATE NOT NULL,
  PRIMARY KEY (`cod_nivel`))
ENGINE = InnoDB;
-- -----------------------------------------------------
-- Table `laravel`.`profesores`
-- -----------------------------------------------------
CREATE TABLE IF NOT EXISTS `laravel`.`profesores` (
  `cod_profesor` INT NOT NULL AUTO_INCREMENT,
  `nombre_profesor` VARCHAR(45) NOT NULL,
  `correo_profesor` VARCHAR(45) NOT NULL,
  `teléfono_profesor` VARCHAR(45) NOT NULL,
  `dirección_profesor` VARCHAR(45) NOT NULL,
  `cod_idioma` INT NOT NULL,
  PRIMARY KEY (`cod_profesor`),
  UNIQUE INDEX `cod_profesor_UNIQUE` (`cod_profesor` ASC),
  INDEX `cod_idioma_idx` (`cod_idioma` ASC),
  CONSTRAINT `cod_idioma`
    FOREIGN KEY (`cod_idioma`)
    REFERENCES `laravel`.`idiomas` (`cod_idioma`)
    ON DELETE NO ACTION
    ON UPDATE NO ACTION)
ENGINE = InnoDB;


-- -----------------------------------------------------
-- Table `laravel`.`programación_cursos`
-- -----------------------------------------------------
CREATE TABLE IF NOT EXISTS `laravel`.`programación_cursos` (
  `id_programación_curso` INT NOT NULL AUTO_INCREMENT,
  `cod_idioma` INT NOT NULL,
  `nro_sala_online` INT NOT NULL,
  `cod_profesor` INT NOT NULL,
  `cod_nivel_idioma` INT NOT NULL,
  `id_horario` INT NOT NULL,
  `cod_ciclo` INT NOT NULL,
  `id_usuario` INT NOT NULL,
  PRIMARY KEY (`id_programación_curso`),
  INDEX `id_horario_idx` (`id_horario` ASC),
  INDEX `nro_sala_online_idx` (`nro_sala_online` ASC),
  INDEX `cod_nivel_idx` (`cod_nivel_idioma` ASC),
  INDEX `cod_profesor_idx` (`cod_profesor` ASC),
  INDEX `cod_ciclo_idx` (`cod_ciclo` ASC),
  INDEX `id_usuario_idx` (`id_usuario` ASC),
  INDEX `cod_idioma_idx` (`cod_idioma` ASC),
  CONSTRAINT `id_horario`
    FOREIGN KEY (`id_horario`)
    REFERENCES `laravel`.`horarios` (`id_horario`)
    ON DELETE NO ACTION
    ON UPDATE NO ACTION,
  CONSTRAINT `nro_sala_online`
    FOREIGN KEY (`nro_sala_online`)
    REFERENCES `laravel`.`Salas` (`nro_sala_online`)
    ON DELETE NO ACTION
    ON UPDATE NO ACTION,
  CONSTRAINT `cod_idioma1`
    FOREIGN KEY (`cod_idioma`)
    REFERENCES `laravel`.`idiomas` (`cod_idioma`)
    ON DELETE NO ACTION
    ON UPDATE NO ACTION,
  CONSTRAINT `cod_nivel`
    FOREIGN KEY (`cod_nivel_idioma`)
    REFERENCES `laravel`.`nivel_idiomas` (`cod_nivel`)
    ON DELETE NO ACTION
    ON UPDATE NO ACTION,
  CONSTRAINT `cod_profesor`
    FOREIGN KEY (`cod_profesor`)
    REFERENCES `laravel`.`profesores` (`cod_profesor`)
    ON DELETE NO ACTION
    ON UPDATE NO ACTION,
  CONSTRAINT `cod_ciclo1`
    FOREIGN KEY (`cod_ciclo`)
    REFERENCES `laravel`.`ciclos` (`cod_ciclo`)
    ON DELETE NO ACTION
    ON UPDATE NO ACTION,
  CONSTRAINT `id_usuario`
    FOREIGN KEY (`id_usuario`)
    REFERENCES `laravel`.`datos_usuarios` (`id_usuario`)
    ON DELETE NO ACTION
    ON UPDATE NO ACTION)
ENGINE = InnoDB;
-- -----------------------------------------------------
-- Table `laravel`.`residencias`
-- -----------------------------------------------------
CREATE TABLE IF NOT EXISTS `laravel`.`residencias` (
  `id_residencia` INT NOT NULL AUTO_INCREMENT,
  `residencia` VARCHAR(100) NOT NULL,
  PRIMARY KEY (`id_residencia`),
  UNIQUE INDEX `id_residencia_UNIQUE` (`id_residencia` ASC))
ENGINE = InnoDB;
-- -----------------------------------------------------
-- Table `laravel`.`alumnos`
-- -----------------------------------------------------
CREATE TABLE IF NOT EXISTS `laravel`.`alumnos` (
  `cod_alumno` INT NOT NULL AUTO_INCREMENT,
  `id_residencia` INT NOT NULL,
  `nombre_alumno` VARCHAR(45) NOT NULL,
  `apellido_alumno` VARCHAR(45) NOT NULL,
  `código_curso` INT NOT NULL,
  `teléfono_alumno` VARCHAR(45) NOT NULL,
  `dirección_alumno` VARCHAR(150) NOT NULL,
  PRIMARY KEY (`cod_alumno`),
  UNIQUE INDEX `cod_alumno_UNIQUE` (`cod_alumno` ASC),
  INDEX `id_residencia_idx` (`id_residencia` ASC),
  CONSTRAINT `id_residencia`
    FOREIGN KEY (`id_residencia`)
    REFERENCES `laravel`.`residencias` (`id_residencia`)
    ON DELETE NO ACTION
    ON UPDATE NO ACTION)
ENGINE = InnoDB;
-- ----------------------------------------------------
-- Table `laravel`.`pagos`
-- -----------------------------------------------------
CREATE TABLE IF NOT EXISTS `laravel`.`pagos` (
  `id_pago` INT NOT NULL AUTO_INCREMENT,
  `precio` INT NOT NULL,
  `id_residencia` INT NOT NULL,
  `cod_ciclo` INT NOT NULL,
  `id_horario` INT NOT NULL,
  PRIMARY KEY (`id_pago`),
  UNIQUE INDEX `id_pago_UNIQUE` (`id_pago` ASC),
  INDEX `id_residencia_idx` (`id_residencia` ASC),
  INDEX `id_horario_idx` (`id_horario` ASC),
  INDEX `cod_ciclo_idx` (`cod_ciclo` ASC),
  CONSTRAINT `id_residencia1`
    FOREIGN KEY (`id_residencia`)
    REFERENCES `laravel`.`residencias` (`id_residencia`)
    ON DELETE NO ACTION
    ON UPDATE NO ACTION,
  CONSTRAINT `cod_ciclo0`
    FOREIGN KEY (`cod_ciclo`)
    REFERENCES `laravel`.`ciclos` (`cod_ciclo`)
    ON DELETE NO ACTION
    ON UPDATE NO ACTION,
  CONSTRAINT `id_horario0`
    FOREIGN KEY (`id_horario`)
    REFERENCES `laravel`.`horarios` (`id_horario`)
    ON DELETE NO ACTION
    ON UPDATE NO ACTION)
ENGINE = InnoDB;
-- -----------------------------------------------------
-- Table `laravel`.`metodo_pagos`
-- -----------------------------------------------------
CREATE TABLE IF NOT EXISTS `laravel`.`metodo_pagos` (
  `id_metodo_pago` INT NOT NULL AUTO_INCREMENT,
  `nombre` VARCHAR(45) NOT NULL,
  `apellidos` VARCHAR(45) NOT NULL,
  `correo` VARCHAR(45) NOT NULL,
  PRIMARY KEY (`id_metodo_pago`),
  UNIQUE INDEX `id_metodo_pago_UNIQUE` (`id_metodo_pago` ASC))
ENGINE = InnoDB;
-- ----------------------------------------------------
-- Table `laravel`.`facturas`
-- -----------------------------------------------------
CREATE TABLE IF NOT EXISTS `laravel`.`facturas` (
  `id_factura` INT NOT NULL AUTO_INCREMENT,
  `cod_alumno` INT NOT NULL,
  `id_pago` INT NOT NULL,
  `cod_ciclo` INT NOT NULL,
  `id_horario` INT NOT NULL,
  `id_metodo_pago` INT NOT NULL,
  `total` INT NOT NULL,
  PRIMARY KEY (`id_factura`),
  UNIQUE INDEX `id_factura_UNIQUE` (`id_factura` ASC),
  INDEX `cod_alumno_idx` (`cod_alumno` ASC),
  INDEX `id_pago_idx` (`id_pago` ASC),
  INDEX `id_horario_idx` (`id_horario` ASC),
  INDEX `cod_ciclo_idx` (`cod_ciclo` ASC),
  INDEX `id_metodo_pago_idx` (`id_metodo_pago` ASC),
  CONSTRAINT `cod_alumno`
    FOREIGN KEY (`cod_alumno`)
    REFERENCES `laravel`.`alumnos` (`cod_alumno`)
    ON DELETE NO ACTION
    ON UPDATE NO ACTION,
  CONSTRAINT `id_pago`
    FOREIGN KEY (`id_pago`)
    REFERENCES `laravel`.`pagos` (`id_pago`)
    ON DELETE NO ACTION
    ON UPDATE NO ACTION,
  CONSTRAINT `cod_ciclo2`
    FOREIGN KEY (`cod_ciclo`)
    REFERENCES `laravel`.`ciclos` (`cod_ciclo`)
    ON DELETE NO ACTION
    ON UPDATE NO ACTION,
  CONSTRAINT `id_horario1`
    FOREIGN KEY (`id_horario`)
    REFERENCES `laravel`.`horarios` (`id_horario`)
    ON DELETE NO ACTION
    ON UPDATE NO ACTION,
  CONSTRAINT `id_metodo_pago`
    FOREIGN KEY (`id_metodo_pago`)
    REFERENCES `laravel`.`metodo_pagos` (`id_metodo_pago`)
    ON DELETE NO ACTION
    ON UPDATE NO ACTION)
ENGINE = InnoDB;
-- ----------------------------------------------------
-- Table `laravel`.`matrículas`
-- -----------------------------------------------------
CREATE TABLE IF NOT EXISTS `laravel`.`matrículas` (
  `id_matrícula` INT NOT NULL AUTO_INCREMENT,
  `id_programación` INT NOT NULL,
  `cod_idioma` INT NOT NULL,
  `cod_alumno` INT NOT NULL,
  `cod_factura` INT NOT NULL,
  `id_horario` INT NOT NULL,
  `nro_sala_online` INT NOT NULL,
  `id_pago` INT NOT NULL,
  `cod_profesor` INT NOT NULL,
  `cod_nivel_curso` INT NOT NULL,
  PRIMARY KEY (`id_matrícula`),
  INDEX `id_horario_idx` (`id_horario` ASC),
  INDEX `cod_idioma_idx` (`cod_idioma` ASC),
  INDEX `nro_sala_online_idx` (`nro_sala_online` ASC),
  INDEX `id_programación_idx` (`id_programación` ASC),
  INDEX `cod_alumno_idx` (`cod_alumno` ASC),
  INDEX `cod_factura_idx` (`cod_factura` ASC),
  INDEX `id_pago_idx` (`id_pago` ASC),
  INDEX `cod_profesor_idx` (`cod_profesor` ASC),
  CONSTRAINT `id_horario2`
    FOREIGN KEY (`id_horario`)
    REFERENCES `laravel`.`horarios` (`id_horario`)
    ON DELETE NO ACTION
    ON UPDATE NO ACTION,
  CONSTRAINT `cod_idioma0`
    FOREIGN KEY (`cod_idioma`)
    REFERENCES `laravel`.`idiomas` (`cod_idioma`)
    ON DELETE NO ACTION
    ON UPDATE NO ACTION,
  CONSTRAINT `nro_sala_online0`
    FOREIGN KEY (`nro_sala_online`)
    REFERENCES `laravel`.`Salas` (`nro_sala_online`)
    ON DELETE NO ACTION
    ON UPDATE NO ACTION,
  CONSTRAINT `id_programación`
    FOREIGN KEY (`id_programación`)
    REFERENCES `laravel`.`programación_cursos` (`id_programación_curso`)
    ON DELETE NO ACTION
    ON UPDATE NO ACTION,
  CONSTRAINT `cod_alumno0`
    FOREIGN KEY (`cod_alumno`)
    REFERENCES `laravel`.`alumnos` (`cod_alumno`)
    ON DELETE NO ACTION
    ON UPDATE NO ACTION,
  CONSTRAINT `cod_factura`
    FOREIGN KEY (`cod_factura`)
    REFERENCES `laravel`.`facturas` (`id_factura`)
    ON DELETE NO ACTION
    ON UPDATE NO ACTION,
  CONSTRAINT `id_pago0`
    FOREIGN KEY (`id_pago`)
    REFERENCES `laravel`.`pagos` (`id_pago`)
    ON DELETE NO ACTION
    ON UPDATE NO ACTION,
  CONSTRAINT `cod_profesor0`
    FOREIGN KEY (`cod_profesor`)
    REFERENCES `laravel`.`profesores` (`cod_profesor`)
    ON DELETE NO ACTION
    ON UPDATE NO ACTION)
ENGINE = InnoDB;
-- -----------------------------------------------------
-- Table `laravel`.`notas`
-- -----------------------------------------------------
CREATE TABLE IF NOT EXISTS `laravel`.`notas` (
  `id_notas` INT NOT NULL AUTO_INCREMENT,
  `nota1` DECIMAL NOT NULL,
  `nota2` DECIMAL NOT NULL,
  `nota3` DECIMAL NOT NULL,
  `parcial` DECIMAL NOT NULL,
  `nota_final` DECIMAL NOT NULL,
  `estado` VARCHAR(80) NOT NULL,
  `cod_alumno` INT NOT NULL,
  `cod_idioma` INT NOT NULL,
  `cod_nivel` INT NOT NULL,
  `id_residencia` INT NOT NULL,
  PRIMARY KEY (`id_notas`),
  INDEX `cod_idioma_idx` (`cod_idioma` ASC),
  INDEX `cod_alumno_idx` (`cod_alumno` ASC),
  INDEX `id_residencia_idx` (`id_residencia` ASC),
  INDEX `cod_nivel_idx` (`cod_nivel` ASC) ,
  CONSTRAINT `cod_idioma3`
    FOREIGN KEY (`cod_idioma`)
    REFERENCES `laravel`.`idiomas` (`cod_idioma`)
    ON DELETE NO ACTION
    ON UPDATE NO ACTION,
  CONSTRAINT `cod_nivel0`
    FOREIGN KEY (`cod_nivel`)
    REFERENCES `laravel`.`nivel_idiomas` (`cod_nivel`)
    ON DELETE NO ACTION
    ON UPDATE NO ACTION,
  CONSTRAINT `cod_alumno1`
    FOREIGN KEY (`cod_alumno`)
    REFERENCES `laravel`.`alumnos` (`cod_alumno`)
    ON DELETE NO ACTION
    ON UPDATE NO ACTION,
  CONSTRAINT `id_residencia0`
    FOREIGN KEY (`id_residencia`)
    REFERENCES `laravel`.`residencias` (`id_residencia`)
    ON DELETE NO ACTION
    ON UPDATE NO ACTION)
ENGINE = InnoDB;
-- -----------------------------------------------------
-- Table `laravel`.`productos`
-- -----------------------------------------------------
CREATE TABLE IF NOT EXISTS `laravel`.`productos` (
  `id_producto` INT NOT NULL AUTO_INCREMENT,
  `nombre_curso` VARCHAR(120) NOT NULL,
  `fecha` DATE NOT NULL,
  `precio` INT NOT NULL,
  PRIMARY KEY (`id_producto`),
  UNIQUE INDEX `id_producto_UNIQUE` (`id_producto` ASC))
ENGINE = InnoDB;
-- -----------------------------------------------------
-- Table `laravel`.`carrito`
-- -----------------------------------------------------
CREATE TABLE IF NOT EXISTS `laravel`.`carrito` (
  `id_carrito` INT NOT NULL AUTO_INCREMENT,
  `id_datos_usuario` INT NOT NULL,
  `productos` INT NOT NULL,
  `cantidad` INT NOT NULL,
  `id_producto` INT NOT NULL,
  `cod_alumno` INT NOT NULL,
  PRIMARY KEY (`id_carrito`),
  UNIQUE INDEX `id_carrito_UNIQUE` (`id_carrito` ASC),
  INDEX `id_producto_idx` (`id_producto` ASC) ,
  INDEX `cod_alumno_idx` (`cod_alumno` ASC) ,
  CONSTRAINT `id_producto`
    FOREIGN KEY (`id_producto`)
    REFERENCES `laravel`.`productos` (`id_producto`)
    ON DELETE NO ACTION
    ON UPDATE NO ACTION,
  CONSTRAINT `cod_alumno2`
    FOREIGN KEY (`cod_alumno`)
    REFERENCES `laravel`.`alumnos` (`cod_alumno`)
    ON DELETE NO ACTION
    ON UPDATE NO ACTION)
ENGINE = InnoDB;
-- -----------------------------------------------------
-- Table `laravel`.`materiales`
-- -----------------------------------------------------
CREATE TABLE IF NOT EXISTS `laravel`.`materiales` (
  `id_materia` INT NOT NULL AUTO_INCREMENT,
  `temario` VARCHAR(100) NOT NULL,
  `materias` VARCHAR(100) NOT NULL,
  `libros` VARCHAR(100) NOT NULL,
  `id_usuario` INT NOT NULL,
  PRIMARY KEY (`id_materia`),
  UNIQUE INDEX `id_materia_UNIQUE` (`id_materia` ASC) ,
  INDEX `id_usuario_idx` (`id_usuario` ASC) ,
  CONSTRAINT `id_usuario1`
    FOREIGN KEY (`id_usuario`)
    REFERENCES `laravel`.`datos_usuarios` (`id_usuario`)
    ON DELETE NO ACTION
    ON UPDATE NO ACTION)
ENGINE = InnoDB;

SET SQL_MODE=@OLD_SQL_MODE;
SET FOREIGN_KEY_CHECKS=@OLD_FOREIGN_KEY_CHECKS;
SET UNIQUE_CHECKS=@OLD_UNIQUE_CHECKS;
-- -----------------------------------------------------
-- Inserts `laravel`.`idiomas`
-- -----------------------------------------------------
insert into `laravel`.`idiomas` (cod_idioma, idioma, nivel) values 
(1, 'Polish', 'Avanzado'),
(2, 'Bulgarian', 'Bajo'),
(3, 'Lithuanian', 'Intermedio'),
(4, 'Macedonian', 'Intermedio'),
(5, 'Hungarian', 'Avanzado'),
(6, 'Armenian', 'Medio_bajo'),
(7, 'Dutch', 'Intermedio'),
(8, 'Lithuanian', 'Profesor'),
(9, 'German', 'Medio_bajo'),
(10, 'Bulgarian', 'Bajo'),
(11, 'Belarusian', 'Profesor'),
(12, 'Romanian', 'Avanzado'),
(13, 'French', 'Medio_bajo'),
(14, 'Chinese', 'Medio_bajo'),
(15, 'Bosnian', 'Bajo'),
(16, 'Montenegrin', 'Avanzado'),
(17, 'Haitian Creole', 'Profesor'),
(18, 'Gujarati', 'Profesor'),
(19, 'Malagasy', 'Intermedio'),
(20, 'Portuguese', 'Avanzado'),
(21, 'Mongolian', 'Profesor'),
(22, 'Montenegrin', 'Medio_bajo'),
(23, 'Hungarian', 'Bajo'),
(24, 'Tamil', 'Avanzado'),
(25, 'Armenian', 'Avanzado');
-- -----------------------------------------------------
-- Inserts `laravel`.`profesores`
-- -----------------------------------------------------

insert into `laravel`.`profesores` (nombre_profesor, correo_profesor, teléfono_profesor, dirección_profesor, cod_idioma) values 
('Josée', 'wbrandi0@desdev.cn', '830-977-6577', '931 Cottonwood Terrace', 1),
('Cécile', 'wimlacke1@fema.gov', '229-693-0656', '73 Haas Court', 2),
('Mélys', 'feynon2@yahoo.co.jp', '172-895-4128', '109 Magdeline Plaza', 3),
('Angélique', 'hbarhem3@skyrock.com', '513-698-1456', '3 Butterfield Avenue', 4),
('Almérinda', 'kvanyatin4@bloomberg.com', '599-419-8721', '04511 Charing Cross Terrace', 5),
('Adèle', 'meastope5@imageshack.us', '516-153-3595', '183 Algoma Hill', 6),
('Cinéma', 'fduddle6@tmall.com', '894-585-8375', '10 Orin Alley', 7),
('Géraldine', 'tcattellion7@businessinsider.com', '395-849-0959', '1758 Barnett Point', 8),
('Thérèsa', 'mdaeth8@eventbrite.com', '243-881-4007', '5429 Granby Place', 9),
('Ruì', 'tellerby9@geocities.com', '369-358-3129', '979 Maryland Crossing', 10),
('Edmée', 'trosengrena@skype.com', '686-991-8702', '86371 Becker Street', 11),
('Tú', 'hessexb@archive.org', '920-479-5124', '9 Browning Court', 12),
('Léandre', 'schallinorc@china.com.cn', '889-175-3405', '3 Donald Crossing', 13),
('Chloé', 'rruthvend@stanford.edu', '799-834-5714', '463 Utah Alley', 14),
('Angèle', 'wtrouncee@columbia.edu', '844-350-1505', '757 Vera Street', 15),
('Mà', 'ashippardf@163.com', '248-731-5684', '188 Carberry Place', 16),
('Daphnée', 'gpomeryg@ifeng.com', '735-404-6235', '1799 Corry Pass', 17),
('Torbjörn', 'bwifflerh@biblegateway.com', '734-525-3963', '47538 Blue Bill Park Junction', 18),
('Naéva', 'wkrochmanni@liveinternet.ru', '854-666-2421', '039 Annamark Place', 19),
('Kallisté', 'uraitiej@exblog.jp', '452-743-4246', '284 Bunker Hill Street', 20),
('Pò', 'cbeetonk@plala.or.jp', '316-868-3397', '2 Almo Road', 21),
('Maïly', 'abridgmanl@scribd.com', '929-854-4897', '75959 Continental Junction', 22),
('Magdalène', 'hzornm@discuz.net', '280-126-8287', '28886 Monterey Circle', 23),
('Maëlla', 'tmullearyn@dyndns.org', '967-563-7195', '87145 Hooker Drive', 24),
('Renée', 'rducketto@pcworld.com', '975-544-4526', '985 Ruskin Pass', 25);
-- -----------------------------------------------------
-- Inserts `laravel`.`residencias`
-- -----------------------------------------------------
insert into `laravel`.`residencias` (residencia) values 
('Dongzhou'),
('Immātīn'),
('Bayanbulag'),
('Kaem'),
('Jetafe'),
('Villejuif'),
('Talacogon'),
('Al Jabīn'),
('Postoloprty'),
('Qiaoshi'),
('Shikeng'),
('Chyżne'),
('Ocho Rios'),
('Delgerhaan'),
('Adelaide Mail Centre'),
('Yingzai'),
('Carazinho'),
('Beška'),
('Linhares'),
('Jelat'),
('Yatunpu'),
('Karangkeng'),
('Šimanovci'),
('Wuku'),
('Fengpo');
-- -----------------------------------------------------
-- Inserts `laravel`.`salas`
-- -----------------------------------------------------
insert into `laravel`.`salas` (capacidad) values 
(56),
(99),
(44),
(60),
(26),
(71),
(96),
(8),
(73),
(90),
(87),
(88),
(45),
(71),
(79),
(17),
(8),
(61),
(4),
(35),
(67),
(40),
(1),
(31),
(54);
-- -----------------------------------------------------
-- Inserts `laravel`.`materiales`
-- -----------------------------------------------------
insert into `laravel`.`materiales` (temario, Materias, Libros, id_usuario) values 
('Segundo_Trimestre', 'Catalán', 'Francés', 1),
('Segundo_Trimestre', 'Catalán', 'Francés', 2),
('Segundo_Trimestre', 'Catalán', 'Español', 3),
('Primer_Trimes', 'Francés', 'Catalán', 4),
('Segundo_Trimestre', 'Catalán', 'Francés', 5),
('Tercer_Trimestre', 'Francés', 'Español', 6),
('Tercer_Trimestre', 'Español', 'Inglés', 7),
('Segundo_Trimestre', 'Inglés', 'Inglés', 8),
('Primer_Trimes', 'Inglés', 'Francés', 9),
('Segundo_Trimestre', 'Catalán', 'Inglés', 10),
('Primer_Trimes', 'Francés', 'Español', 11),
('Tercer_Trimestre', 'Catalán', 'Francés', 12),
('Tercer_Trimestre', 'Inglés', 'Inglés', 13),
('Tercer_Trimestre', 'Francés', 'Inglés', 14),
('Tercer_Trimestre', 'Catalán', 'Inglés', 15),
('Tercer_Trimestre', 'Francés', 'Inglés', 16),
('Primer_Trimes', 'Español', 'Español', 17),
('Segundo_Trimestre', 'Español', 'Catalán', 18),
('Segundo_Trimestre', 'Catalán', 'Francés', 19),
('Tercer_Trimestre', 'Español', 'Catalán', 20),
('Primer_Trimes', 'Inglés', 'Español', 21),
('Primer_Trimes', 'Francés', 'Catalán', 22),
('Primer_Trimes', 'Inglés', 'Francés', 23),
('Segundo_Trimestre', 'Francés', 'Inglés', 24),
('Primer_Trimes', 'Español', 'Francés', 25);
-- -----------------------------------------------------
-- Inserts `laravel`.`carrito`
-- -----------------------------------------------------
insert into `laravel`.`carrito` (id_datos_usuario, productos, cantidad, id_producto, cod_alumno) values 
(1, 28, 36, 99, 76),
(2, 72, 24, 36, 2),
(3, 60, 17, 54, 53),
(4, 77, 24, 91, 16),
(5, 62, 30, 64, 100),
(6, 18, 8, 89, 42),
(7, 64, 3, 37, 56),
(8, 71, 19, 5, 7),
(9, 5, 22, 9, 55),
(10, 30, 29, 56, 87),
(11, 59, 20, 81, 28),
(12, 96, 8, 18, 88),
(13, 54, 5, 51, 2),
(14, 38, 10, 90, 26),
(15, 17, 22, 9, 59),
(16, 50, 31, 13, 9),
(17, 13, 11, 71, 17),
(18, 10, 3, 7, 11),
(19, 46, 4, 81, 22),
(20, 80, 28, 79, 28),
(21, 69, 3, 61, 60),
(22, 92, 3, 21, 57),
(23, 73, 3, 99, 42),
(24, 2, 16, 66, 35),
(25, 91, 35, 83, 7);